CH4,averaged mole fraction,averaged growth rate,max growth,min growth,uncert of the aver
1750,729.2,,,,
1991-2000,1761.4,5.9,11,1,16.26311437
2001-2010,1792.5,2.6,7,-1,9.324400487
2011-2020,1850.2,8,11,5,25.34122684
